Date,wind_generation_actual,wind_capacity,temperature
1/1/2017,291760,37149.13,-2.117
1/2/2017,295097,37152.125,-1.154
1/3/2017,666170,37155.208,-0.239
1/4/2017,686581,37160.125,0.62
1/5/2017,261759,37163.542,-3.908
1/6/2017,115720,37176.208,-7.724
1/7/2017,252308,37181,-5.861
1/8/2017,41260,37181.25,-1.616
1/9/2017,190982,37187.458,-1.629
1/10/2017,280371,37198.458,-2.586
1/11/2017,637258,37209.667,-0.727
1/12/2017,584792,37225.375,1.425
1/13/2017,518614,37234,-0.231
1/14/2017,487188,37234,-0.738
1/15/2017,229770,37234.208,-2.331
1/16/2017,69211,37239.25,-4.995
1/17/2017,79360,37246,-6.056
1/18/2017,148835,37269.375,-6.832
1/19/2017,127989,37279.042,-6.843
1/20/2017,109379,37303.375,-5.269
1/21/2017,78896,37312.417,-4.74
1/22/2017,50770,37322.542,-6.362
1/23/2017,39708,37335.667,-6.339
1/24/2017,31375,37351.917,-4.964
1/25/2017,70771,37374.417,-5.516
1/26/2017,235128,37407.917,-5.183
1/27/2017,254272,37429,-4.477
1/28/2017,208800,37429,-3.29
1/29/2017,304954,37429.5,-0.69
1/30/2017,338288,37441.333,0.402
1/31/2017,124782,37449.667,-0.101
2/1/2017,221295,37465.625,-0.586
2/2/2017,254393,37480.75,1.655
2/3/2017,188035,37498,2.775
2/4/2017,211454,37498.25,2.529
2/5/2017,118329,37504.667,1.74
2/6/2017,152118,37520.292,0.192
2/7/2017,264514,37527.5,-0.467
2/8/2017,219680,37539.875,-1.916
2/9/2017,207537,37560.792,-3.184
2/10/2017,290957,37579.125,-2.467
2/11/2017,329649,37582,-0.959
2/12/2017,350274,37582.458,-0.893
2/13/2017,338184,37593.125,-1.107
2/14/2017,205086,37596.458,-0.422
2/15/2017,98877,37608.167,2.12
2/16/2017,282403,37636.167,3.702
2/17/2017,255286,37663,3.137
2/18/2017,160162,37663.25,2.587
2/19/2017,348513,37669.792,2.228
2/20/2017,648800,37688.875,5.28
2/21/2017,580921,37710.167,6.749
2/22/2017,826273,37738,7.353
2/23/2017,705405,37761.958,6.915
2/24/2017,522107,37784.375,2.206
2/25/2017,413770,37793,2.241
2/26/2017,545142,37794.458,5.047
2/27/2017,558406,37830.375,7.595
2/28/2017,602221,37885,4.232
3/1/2017,463548,37885.167,3.805
3/2/2017,640789,37889.167,4.735
3/3/2017,323881,37893.25,4.63
3/4/2017,253250,37899.25,7.565
3/5/2017,375784,37905.333,5.728
3/6/2017,244778,37913.333,4.165
3/7/2017,98965,37921.458,3.038
3/8/2017,362634,37932.292,3.658
3/9/2017,348589,37939.25,6.696
3/10/2017,301930,37945.208,4.873
3/11/2017,142767,37950.25,4.364
3/12/2017,322131,37956.125,3.7
3/13/2017,107995,37959.333,4.196
3/14/2017,282163,37967.292,6.6
3/15/2017,310125,37974.167,7.235
3/16/2017,235857,37978.417,7.654
3/17/2017,520783,37988.208,7.042
3/18/2017,666660,37993.25,6.253
3/19/2017,527129,37999.25,8.081
3/20/2017,540382,38005.583,9.241
3/21/2017,405314,38019.625,7.125
3/22/2017,168379,38035.042,5.15
3/23/2017,211125,38059.958,6.656
3/24/2017,152372,38082.375,6.482
3/25/2017,203031,38091,6.3
3/26/2017,79142,38092.167,6.311
3/27/2017,71217,38106.75,7.694
3/28/2017,111189,38128.833,10.284
3/29/2017,347694,38167.417,10.38
3/30/2017,213209,38254.083,12.413
3/31/2017,260810,38310.5,13.415
4/1/2017,82509,38316.5,12.607
4/2/2017,110511,38322.25,10.817
4/3/2017,58205,38325.5,9.252
4/4/2017,40668,38331.75,8.525
4/5/2017,333526,38341.583,7.948
4/6/2017,398402,38360,6.612
4/7/2017,404729,38371.5,7.747
4/8/2017,65959,38378,9.664
4/9/2017,96043,38390.583,12.103
4/10/2017,501671,38408,10.695
4/11/2017,363858,38408.917,7.487
4/12/2017,561134,38419.667,8.918
4/13/2017,470226,38428,8.265
4/14/2017,261473,38439,7.783
4/15/2017,537553,38439.5,7.711
4/16/2017,292343,38445,5.884
4/17/2017,211534,38445.5,4.863
4/18/2017,288261,38451.667,3.071
4/19/2017,164624,38461.333,1.878
4/20/2017,122121,38489,3.776
4/21/2017,447725,38511.417,7.29
4/22/2017,545894,38516,6.577
4/23/2017,393912,38516.75,4.993
4/24/2017,325096,38527.833,7.62
4/25/2017,241646,38560.417,6.295
4/26/2017,54224,38580.167,4.605
4/27/2017,119393,38631.833,4.867
4/28/2017,92231,38697.5,5.609
4/29/2017,109135,38715.083,6.497
4/30/2017,435488,38727.25,8.826
5/1/2017,440711,38730,8.326
5/2/2017,403337,38730.5,8.106
5/3/2017,312197,38737.417,9.628
5/4/2017,367414,38754.417,8.852
5/5/2017,147426,38770.5,9.058
5/6/2017,104874,38776.5,11.69
5/7/2017,102374,38782.25,11.844
5/8/2017,267935,38786,8.347
5/9/2017,77053,38797.75,7.125
5/10/2017,107245,38807.5,9.171
5/11/2017,199238,38827.5,13.241
5/12/2017,192297,38866,14.382
5/13/2017,77733,38866.5,14.918
5/14/2017,87588,38873.083,14.542
5/15/2017,71277,38886.417,14.466
5/16/2017,124899,38905.417,16.43
5/17/2017,187555,38945.75,18.653
5/18/2017,189878,38979.5,17.861
5/19/2017,215484,39019.083,14.728
5/20/2017,153794,39031.5,12.458
5/21/2017,72354,39038.667,14.065
5/22/2017,67127,39060.667,15.918
5/23/2017,237765,39103.333,16.941
5/24/2017,256284,39130,14.158
5/25/2017,150752,39143.083,15.039
5/26/2017,88714,39167,17.108
5/27/2017,209170,39178,19.467
5/28/2017,161906,39180.75,20.72
5/29/2017,55639,39214.667,22.122
5/30/2017,212498,39264.833,20.162
5/31/2017,304099,39373.5,17.253
6/1/2017,88552,39379.75,17.031
6/2/2017,50812,39388,19.422
6/3/2017,97750,39388,19.143
6/4/2017,231529,39388.5,15.787
6/5/2017,121557,39394.25,15.428
6/6/2017,452614,39397,14.83
6/7/2017,669215,39397.25,12.481
6/8/2017,282754,39400.833,15.527
6/9/2017,236119,39410.75,16.604
6/10/2017,89475,39419,17.043
6/11/2017,196269,39419.167,20.641
6/12/2017,508763,39422,17.798
6/13/2017,306512,39433.167,16.21
6/14/2017,67956,39436,17.502
6/15/2017,149845,39447.75,20.498
6/16/2017,481136,39456.25,16.912
6/17/2017,252583,39459,16.168
6/18/2017,45996,39459.167,19.327
6/19/2017,31185,39461.75,22.524
6/20/2017,148476,39470.583,22.865
6/21/2017,53052,39480,21.218
6/22/2017,272140,39514.333,23.085
6/23/2017,427695,39529,20.286
6/24/2017,378219,39529,18.963
6/25/2017,346376,39531.083,18.554
6/26/2017,216416,39556.167,18.932
6/27/2017,97722,39583.333,18.504
6/28/2017,254199,39626.333,19.135
6/29/2017,193696,39704.833,17.055
6/30/2017,379305,39802.5,16.29
7/1/2017,326424,39808,15.763
7/2/2017,312885,39808,15.735
7/3/2017,274606,39808,16.783
7/4/2017,172133,39808.583,18.089
7/5/2017,33865,39815,19.81
7/6/2017,51187,39815.5,22.014
7/7/2017,123188,39821,22.004
7/8/2017,132110,39821,21.413
7/9/2017,49087,39821.833,20.576
7/10/2017,85881,39832.333,19.569
7/11/2017,172820,39848.75,18.114
7/12/2017,353671,39869.333,16.563
7/13/2017,183808,39885.917,15.457
7/14/2017,85725,39907.25,16.341
7/15/2017,81751,39910.75,15.895
7/16/2017,160913,39919.25,18.222
7/17/2017,98540,39922.75,19.098
7/18/2017,79390,39932,20.387
7/19/2017,234005,39945.75,23.002
7/20/2017,163699,39978.333,20.501
7/21/2017,110595,40004.25,20.195
7/22/2017,166011,40007,20.883
7/23/2017,207803,40008.167,18.125
7/24/2017,85818,40023.083,15.713
7/25/2017,289621,40049.25,14.616
7/26/2017,248694,40089.333,16.076
7/27/2017,176047,40143.333,17.181
7/28/2017,287307,40213.917,17.072
7/29/2017,293624,40225.167,19.722
7/30/2017,327095,40242.167,21.611
7/31/2017,125194,40288.833,20.973
8/1/2017,100078,40298,21.36
8/2/2017,103491,40298.417,20.93
8/3/2017,402364,40303,21.525
8/4/2017,455380,40303,19.737
8/5/2017,232880,40303,18.367
8/6/2017,168418,40303,16.519
8/7/2017,123846,40304,17.998
8/8/2017,247468,40315.833,18.359
8/9/2017,208820,40326.333,18.011
8/10/2017,100274,40341.333,16.289
8/11/2017,108575,40346.333,14.753
8/12/2017,305906,40361,15.342
8/13/2017,101263,40361.25,16.609
8/14/2017,136418,40365.083,18.427
8/15/2017,182062,40378.25,20.711
8/16/2017,68591,40393.833,19.274
8/17/2017,207759,40415.167,19.839
8/18/2017,190790,40428.583,19.022
8/19/2017,362034,40435,15.404
8/20/2017,314055,40435.5,14.424
8/21/2017,211871,40441.917,15.157
8/22/2017,87145,40453.583,15.645
8/23/2017,83430,40473.583,17.579
8/24/2017,188631,40503.167,18.356
8/25/2017,84579,40516.333,19.113
8/26/2017,51278,40520.5,20.14
8/27/2017,130054,40526.5,18.854
8/28/2017,45221,40534.167,18.938
8/29/2017,98155,40561.917,20.751
8/30/2017,190434,40608.417,21.566
8/31/2017,208496,40647.167,17.007
9/1/2017,34230,40660.417,14.006
9/2/2017,37368,40665.833,12.999
9/3/2017,26176,40676.083,13.438
9/4/2017,81042,40689.75,14.697
9/5/2017,107605,40710.417,17.145
9/6/2017,409909,40726.917,16.057
9/7/2017,328329,40739.667,13.986
9/8/2017,516672,40769.167,13.931
9/9/2017,276055,40771,13.844
9/10/2017,307770,40771.917,13.336
9/11/2017,576260,40782.917,13.438
9/12/2017,460805,40793.917,12.688
9/13/2017,761748,40805,13.654
9/14/2017,633356,40819.833,11.868
9/15/2017,316345,40862.833,11.349
9/16/2017,68909,40872.25,10.454
9/17/2017,25429,40875.5,10.61
9/18/2017,55374,40884.167,10.298
9/19/2017,86278,40922.667,10.474
9/20/2017,137562,40964.5,10.905
9/21/2017,45207,40983,12.086
9/22/2017,16482,41006.083,13.05
9/23/2017,28876,41018.5,13.081
9/24/2017,53473,41028.583,13.065
9/25/2017,104589,41082.417,12.732
9/26/2017,139097,41124.167,13.02
9/27/2017,144546,41178.583,13.839
9/28/2017,132504,41283.917,14.763
9/29/2017,177384,41407.583,15.96
9/30/2017,198304,41447,14.196
10/1/2017,218240,41447.25,11.631
10/2/2017,574756,41450,12.96
10/3/2017,459133,41450,11.662
10/4/2017,642752,41450,10.588
10/5/2017,742247,41450.5,10.756
10/6/2017,580860,41456,9.048
10/7/2017,646636,41456,9.424
10/8/2017,302850,41456.25,9.961
10/9/2017,164782,41459,9.161
10/10/2017,331486,41459.417,11.132
10/11/2017,521617,41464.25,12.777
10/12/2017,616932,41467.583,12.106
10/13/2017,297711,41474.25,12.648
10/14/2017,293480,41477,14.315
10/15/2017,224279,41477.25,13.941
10/16/2017,251438,41480.583,14.808
10/17/2017,260015,41487.417,14.253
10/18/2017,64254,41492.667,12.798
10/19/2017,160673,41501.417,12.784
10/20/2017,351582,41517.25,12.363
10/21/2017,285417,41520,11.676
10/22/2017,424765,41520,8.834
10/23/2017,258994,41520.417,8.526
10/24/2017,290403,41525.333,10.969
10/25/2017,454958,41530.833,12.635
10/26/2017,327707,41551.917,11.602
10/27/2017,528190,41562.25,9.523
10/28/2017,819820,41565.25,8.441
10/29/2017,720109,41568,8.108
10/30/2017,407048,41568.125,5.063
10/31/2017,256958,41571,5.615
11/1/2017,420446,41571.375,7.992
11/2/2017,336744,41580.708,8.555
11/3/2017,115926,41597.167,7.538
11/4/2017,309378,41601.208,8.249
11/5/2017,259370,41606.333,7.202
11/6/2017,98415,41614.583,4.497
11/7/2017,148783,41628.875,4.272
11/8/2017,62667,41650,5.312
11/9/2017,210486,41673.708,5.322
11/10/2017,627817,41690,5.185
11/11/2017,530921,41690.208,4.522
11/12/2017,235424,41695.292,3.348
11/13/2017,205070,41702.25,2.895
11/14/2017,294483,41709.042,2.71
11/15/2017,98028,41734.042,3.859
11/16/2017,179490,41759.583,3.422
11/17/2017,204464,41796.333,3.228
11/18/2017,606664,41804,2.638
11/19/2017,721237,41804.625,3.116
11/20/2017,380285,41819.417,2.515
11/21/2017,318593,41830.292,5.692
11/22/2017,588235,41860.917,6.446
11/23/2017,730725,41883.292,7.445
11/24/2017,313086,41913.5,7.122
11/25/2017,238671,41925.583,3.458
11/26/2017,599329,41939.792,1.653
11/27/2017,743280,41959.042,2.517
11/28/2017,514932,41983.542,2.921
11/29/2017,99654,41997,0.805
11/30/2017,66388,42021.667,-0.171
12/1/2017,52324,42060.75,-0.778
12/2/2017,126273,42078.208,-1.598
12/3/2017,387488,42084.292,-1.074
12/4/2017,479800,42114.708,1.545
12/5/2017,611486,42132.292,2.761
12/6/2017,632499,42163,2.68
12/7/2017,743722,42188.083,1.532
12/8/2017,652825,42236.125,1.313
12/9/2017,712318,42239,-0.912
12/10/2017,622944,42240.583,-0.501
12/11/2017,415106,42277.875,1.579
12/12/2017,590097,42299.208,0.438
12/13/2017,721539,42328.5,0.106
12/14/2017,666438,42364.125,1.912
12/15/2017,176421,42390.125,0.834
12/16/2017,277392,42393.25,0.371
12/17/2017,250721,42399.333,-0.397
12/18/2017,134841,42408.292,-0.948
12/19/2017,99098,42440.792,0.24
12/20/2017,90882,42507.917,1.634
12/21/2017,259038,42577.167,3.45
12/22/2017,228772,42627.417,4.033
12/23/2017,748074,42637.125,5.266
12/24/2017,812420,42640,5.674
12/25/2017,587810,42640.125,3.599
12/26/2017,717450,42643.917,2.639
12/27/2017,394505,42668.167,1.951
12/28/2017,506423,42745,0.806
12/29/2017,584277,42837.625,-0.335
12/30/2017,721245,42852.458,3.999
12/31/2017,721172,42863,7.996
1/1/2018,680095,42863,4.838
1/2/2018,472798,42863,3.335
1/3/2018,937882,42863,5.367
1/4/2018,591315,42863,5.793
1/5/2018,526593,42863.208,6.224
1/6/2018,203896,42868,4.784
1/7/2018,389480,42868,1.434
1/8/2018,557074,42868.292,0.848
1/9/2018,519081,42875.292,2.817
1/10/2018,148126,42882.5,3.391
1/11/2018,35784,42894.25,2.602
1/12/2018,132627,42900,1.668
1/13/2018,336296,42900,0.457
1/14/2018,396861,42900.167,-1.265
1/15/2018,742827,42904.292,0.579
1/16/2018,673261,42911.208,2.98
1/17/2018,661151,42916.25,1.036
1/18/2018,684235,42922.458,2.446
1/19/2018,297655,42933,1.113
1/20/2018,205317,42933,0.289
1/21/2018,109088,42933.292,-0.562
1/22/2018,313943,42941.25,1.204
1/23/2018,394519,42970.292,3.021
1/24/2018,761971,42977.417,6.846
1/25/2018,394296,42987.125,6.238
1/26/2018,50691,42990,4.407
1/27/2018,314429,42990,3.619
1/28/2018,841002,42991.5,5.433
1/29/2018,899632,43026.958,6.967
1/30/2018,467717,43050.667,3.438
1/31/2018,705576,43089.333,4.618
2/1/2018,522149,43097.792,1.424
2/2/2018,351065,43116,0.806
2/3/2018,112228,43116,-0.281
2/4/2018,252417,43116.292,-1.527
2/5/2018,202820,43123.75,-1.948
2/6/2018,93384,43141.292,-2.496
2/7/2018,56454,43148.625,-2.683
2/8/2018,91859,43164.125,-3.076
2/9/2018,209042,43191.042,-2.6
2/10/2018,171106,43215,-1.078
2/11/2018,625419,43215.625,0.164
2/12/2018,463910,43230.583,-0.438
2/13/2018,259054,43244.667,-1.91
2/14/2018,325599,43261.667,-2.58
2/15/2018,506319,43300.542,-0.534
2/16/2018,328201,43313,1.166
2/17/2018,72441,43313,-0.407
2/18/2018,125794,43313.333,-0.912
2/19/2018,59739,43321.292,-1.033
2/20/2018,109402,43328.583,-1.351
2/21/2018,153066,43343,-1.907
2/22/2018,261194,43367.375,-2.446
2/23/2018,360330,43399,-3.653
2/24/2018,585218,43399,-4.062
2/25/2018,350782,43399.375,-6.357
2/26/2018,398252,43408.875,-7.201
2/27/2018,337614,43431.75,-8.147
2/28/2018,571612,43495.5,-9.363
3/1/2018,727976,43508.25,-7.523
3/2/2018,528622,43537.5,-6.25
3/3/2018,426261,43549.25,-3.74
3/4/2018,407408,43555.417,0.248
3/5/2018,293805,43565.5,2.719
3/6/2018,137892,43578.167,2.19
3/7/2018,160869,43609.5,2.589
3/8/2018,482952,43714.667,3.514
3/9/2018,357414,43753.125,4.177
3/10/2018,295619,43756,6.869
3/11/2018,243889,43756.25,7.991
3/12/2018,205671,43762.542,6.948
3/13/2018,426653,43776.042,5.238
3/14/2018,155294,43803,3.279
3/15/2018,646695,43872.833,3.615
3/16/2018,589078,43892,2.468
3/17/2018,798877,43892,-1.936
3/18/2018,745651,43894.167,-3.292
3/19/2018,242753,43945.708,-3.117
3/20/2018,338624,43988.125,-1.459
3/21/2018,207313,44064.333,-0.433
3/22/2018,398658,44166.792,0.884
3/23/2018,99297,44231.542,2.431
3/24/2018,70626,44244,3.185
3/25/2018,39301,44249.333,4.472
3/26/2018,62850,44317.417,3.811
3/27/2018,134081,44435.667,3.921
3/28/2018,448007,44610.75,4.91
3/29/2018,344249,44764.917,3.802
3/30/2018,349948,44800.667,5.495
3/31/2018,291433,44841,4.391
4/1/2018,370937,44841,3.144
4/2/2018,243806,44841,5.791
4/3/2018,414041,44841,11.057
4/4/2018,355585,44841,10.74
4/5/2018,638640,44841,7.023
4/6/2018,336817,44841,5.846
4/7/2018,431217,44841,10.275
4/8/2018,160398,44841,12.733
4/9/2018,167152,44841,13.069
4/10/2018,423244,44842.167,12.519
4/11/2018,413064,44855.5,10.764
4/12/2018,477532,44861,12.523
4/13/2018,312741,44861,11.292
4/14/2018,242158,44861,11.378
4/15/2018,65382,44861,12.832
4/16/2018,81003,44861,12.038
4/17/2018,99979,44861.5,13.286
4/18/2018,110034,44867.667,15.236
4/19/2018,206800,44876.417,16.163
4/20/2018,183985,44892,17.344
4/21/2018,87213,44892,15.712
4/22/2018,185255,44893.333,16.944
4/23/2018,392314,44908.417,14.294
4/24/2018,376996,44913,11.912
4/25/2018,525327,44913.5,12.196
4/26/2018,453042,44921.417,8.857
4/27/2018,166315,44948,10.836
4/28/2018,167368,44948,12.766
4/29/2018,230286,44948.667,15.211
4/30/2018,616202,44956,12.784
5/1/2018,556564,44956,8.762
5/2/2018,205695,44956.5,10.756
5/3/2018,186463,44962,11.482
5/4/2018,158183,44962,11.983
5/5/2018,210907,44962,13.105
5/6/2018,232488,44962.417,14.351
5/7/2018,237968,44967,15.444
5/8/2018,308091,44967,16.464
5/9/2018,217018,44967,17.494
5/10/2018,246078,44967.5,14.515
5/11/2018,68851,44973,13.753
5/12/2018,167849,44973,16.567
5/13/2018,334973,44973,16.277
5/14/2018,345478,44974,16.207
5/15/2018,185883,44985.667,14.719
5/16/2018,261642,44993.75,13.819
5/17/2018,399395,45004.917,12.356
5/18/2018,117074,45037,11.795
5/19/2018,62943,45037,12.728
5/20/2018,276301,45037,14.405
5/21/2018,381295,45037.083,16.222
5/22/2018,166440,45039,16.913
5/23/2018,251241,45050.583,16.962
5/24/2018,341783,45058.75,16.986
5/25/2018,256954,45078.75,18.2
5/26/2018,128442,45087,19.28
5/27/2018,175478,45088.583,19.627
5/28/2018,177523,45106.667,21.321
5/29/2018,284520,45115.25,21.275
5/30/2018,102768,45130.25,21.133
5/31/2018,122405,45145.333,21.668
6/1/2018,130080,45160,19.621
6/2/2018,102280,45160,18.299
6/3/2018,50282,45161.083,19.161
6/4/2018,119869,45175.25,19.719
6/5/2018,101162,45202.583,18.802
6/6/2018,217474,45232.667,19.446
6/7/2018,129058,45251.667,20.312
6/8/2018,80923,45259.667,20.752
6/9/2018,83637,45267,21.18
6/10/2018,112464,45270.5,20.156
6/11/2018,186893,45310.917,18.625
6/12/2018,218306,45336,16.129
6/13/2018,214736,45383.333,14.114
6/14/2018,208822,45424,15.773
6/15/2018,36661,45469.75,17.382
6/16/2018,71934,45489,19.026
6/17/2018,211532,45495.167,17.317
6/18/2018,204361,45565.5,17.522
6/19/2018,201530,45595.75,18.839
6/20/2018,196791,45628.75,21.287
6/21/2018,524114,45667.25,16.689
6/22/2018,573718,45758,12.433
6/23/2018,466822,45758,13.114
6/24/2018,226841,45760.917,14.013
6/25/2018,197642,45794.667,15.93
6/26/2018,94463,45816.333,16.763
6/27/2018,143649,45859.083,17.965
6/28/2018,206433,45935.333,18.94
6/29/2018,201327,46040.333,20.404
6/30/2018,250023,46066.583,19.301
7/1/2018,279723,46073,17.408
7/2/2018,140805,46073,18.044
7/3/2018,82021,46073.25,19.934
7/4/2018,43893,46076,21.03
7/5/2018,144743,46077,20.269
7/6/2018,296642,46088,18.649
7/7/2018,294703,46089,18.474
7/8/2018,163116,46100.5,18.766
7/9/2018,290652,46106,18.406
7/10/2018,171349,46106.417,15.909
7/11/2018,120450,46111.583,16.107
7/12/2018,161337,46118,18.444
7/13/2018,138913,46118,19.785
7/14/2018,88859,46118,20.095
7/15/2018,61068,46119,20.409
7/16/2018,48543,46130,20.964
7/17/2018,134185,46130,21.821
7/18/2018,225995,46130.5,20.493
7/19/2018,118917,46136,20.627
7/20/2018,81533,46137.5,21.753
7/21/2018,77848,46154,20.862
7/22/2018,74934,46154,20.352
7/23/2018,43249,46154,21.93
7/24/2018,35798,46155.333,24.546
7/25/2018,77376,46170.667,25.729
7/26/2018,162671,46178,25.878
7/27/2018,240112,46178.5,25.576
7/28/2018,236218,46184,23.474
7/29/2018,136959,46185,22.891
7/30/2018,103104,46197,26.033
7/31/2018,136422,46208,26.46
8/1/2018,93655,46208.667,24.511
8/2/2018,80175,46216,24.56
8/3/2018,66133,46218.083,26.115
8/4/2018,118048,46242.417,25.934
8/5/2018,197024,46259.75,22.601
8/6/2018,86471,46280.5,23.736
8/7/2018,147077,46298.417,26.183
8/8/2018,286166,46316.417,24.458
8/9/2018,299829,46343.5,23.428
8/10/2018,419369,46349,18.551
8/11/2018,398533,46349,17.612
8/12/2018,132097,46349,20.133
8/13/2018,176321,46350.833,19.788
8/14/2018,299390,46371,19.204
8/15/2018,115651,46372.417,19.839
8/16/2018,159090,46390.75,21.847
8/17/2018,123020,46422.417,21.238
8/18/2018,156670,46438,20.274
8/19/2018,184448,46439.417,21.634
8/20/2018,170463,46455,21.271
8/21/2018,50278,46456.75,21.084
8/22/2018,90934,46476.417,23.109
8/23/2018,150369,46482,22.808
8/24/2018,327214,46495.75,17.918
8/25/2018,297177,46529.083,13.858
8/26/2018,225923,46564.833,14.285
8/27/2018,507705,46585,16.677
8/28/2018,93993,46585,17.83
8/29/2018,183378,46585.5,19.806
8/30/2018,331214,46594.75,16.575
8/31/2018,155550,46636,14.628
9/1/2018,98256,46636,15.024
9/2/2018,170535,46638.5,16.044
9/3/2018,167508,46668.75,18.277
9/4/2018,83124,46701.083,19.006
9/5/2018,78247,46727.5,19.627
9/6/2018,116157,46769.583,18.59
9/7/2018,218439,46809,16.107
9/8/2018,275988,46810.333,15.311
9/9/2018,155097,46829,17.408
9/10/2018,180278,46874.917,17.974
9/11/2018,434884,46896.167,19.033
9/12/2018,213161,46902.333,19.007
9/13/2018,61174,46952.083,15.878
9/14/2018,146249,46978.5,15.45
9/15/2018,233765,47021,15.037
9/16/2018,178312,47069.833,16.324
9/17/2018,128750,47127.833,18.384
9/18/2018,357165,47183.25,20.458
9/19/2018,342514,47215.167,20.553
9/20/2018,329209,47300,20.365
9/21/2018,734188,47366,17.129
9/22/2018,541044,47367.75,12.526
9/23/2018,382635,47388.75,11.991
9/24/2018,598468,47412.083,9.127
9/25/2018,188186,47460.167,8.714
9/26/2018,492550,47498.75,10.722
9/27/2018,314308,47547.417,14.563
9/28/2018,358931,47633.167,11.791
9/29/2018,207025,47683.25,9.43
9/30/2018,195832,47730,10.554
10/1/2018,342987,47730,8.635
10/2/2018,704392,47730.5,7.788
10/3/2018,591732,47736.583,10.696
10/4/2018,218138,47747.917,11.001
10/5/2018,221463,47803,12.909
10/6/2018,183958,47816.083,14.854
10/7/2018,211960,47843.667,11.938
10/8/2018,198023,47900.25,11.447
10/9/2018,168321,47959.417,13.028
10/10/2018,271049,47978.667,14.482
10/11/2018,378196,48021.083,15.291
10/12/2018,326377,48046.083,17.106
10/13/2018,365327,48070,17.127
10/14/2018,400267,48082.083,16.004
10/15/2018,153490,48096.083,16.111
10/16/2018,52173,48119,15.513
10/17/2018,50383,48120,14.691
10/18/2018,157001,48131,12.599
10/19/2018,49804,48131,10.636
10/20/2018,116323,48132.083,9.428
10/21/2018,149356,48146.667,9.099
10/22/2018,338290,48177.417,8.08
10/23/2018,864205,48193.25,8.852
10/24/2018,661105,48196.5,10.768
10/25/2018,576144,48203.333,10.481
10/26/2018,429065,48218,8.885
10/27/2018,358255,48218,5.633
10/28/2018,466233,48218.5,3.328
10/29/2018,572823,48230,4.243
10/30/2018,728078,48230.125,6.377
10/31/2018,438147,48233.667,6.743
11/1/2018,298990,48249,7.11
11/2/2018,317434,48249,7.362
11/3/2018,166184,48249,5.838
11/4/2018,188301,48249,7.844
11/5/2018,210980,48249,9.22
11/6/2018,243394,48249,10.046
11/7/2018,272715,48249.667,10.011
11/8/2018,174120,48266.042,8.881
11/9/2018,242364,48290,8.709
11/10/2018,491683,48290,9.085
11/11/2018,529950,48290.333,9.948
11/12/2018,316067,48298.708,10.624
11/13/2018,485892,48315.375,8.775
11/14/2018,234607,48324.25,6.301
11/15/2018,187340,48330.292,4.616
11/16/2018,368873,48337,3.434
11/17/2018,447435,48337,1.666
11/18/2018,366328,48337.833,0.43
11/19/2018,673502,48357,1.518
11/20/2018,732443,48357.542,0.43
11/21/2018,396548,48370.542,0.145
11/22/2018,186748,48383.292,0.497
11/23/2018,98342,48390.833,1.062
11/24/2018,107988,48410.5,1.916
11/25/2018,178695,48422.458,2.715
11/26/2018,240903,48433.5,2.17
11/27/2018,147985,48445.875,-0.244
11/28/2018,534632,48466.375,-0.179
11/29/2018,655101,48475.75,2.078
11/30/2018,447276,48493.5,3.491
12/1/2018,454201,48505.5,4.329
12/2/2018,648286,48517.792,7.055
12/3/2018,609178,48536,9.711
12/4/2018,487258,48537.208,4.847
12/5/2018,346902,48566.583,2.522
12/6/2018,500778,48603.167,6.437
12/7/2018,787334,48607,8.662
12/8/2018,998899,48607,5.803
12/9/2018,888048,48607.417,5.918
12/10/2018,842063,48618.125,3.17
12/11/2018,476052,48645.125,1.782
12/12/2018,167250,48673.167,0.482
12/13/2018,263039,48723.458,-1.074
12/14/2018,165798,48734.125,-1.861
12/15/2018,283693,48737,-2.376
12/16/2018,294833,48737.375,-1.506
12/17/2018,193625,48746.792,0.857
12/18/2018,343368,48766.542,1.115
12/19/2018,457762,48802.833,1.499
12/20/2018,378972,48823.292,3.271
12/21/2018,754430,48854.125,6.137
12/22/2018,519328,48880,6.774
12/23/2018,405051,48880,5.964
12/24/2018,356747,48880,2.208
12/25/2018,552750,48880,0.891
12/26/2018,403203,48880.5,0.671
12/27/2018,282809,48893.208,1.185
12/28/2018,228763,48922.75,0.832
12/29/2018,533095,48963.167,2.093
12/30/2018,565673,48967.292,3.889
12/31/2018,245130,48974,4.517
1/1/2019,815236,48974,4.291
1/2/2019,666610,48974,0.286
1/3/2019,288820,48974,-1.023
1/4/2019,550139,48974,0.625
1/5/2019,595733,48974,3.266
1/6/2019,245990,48974,2.542
1/7/2019,465916,48974.292,2.475
1/8/2019,962242,48981.333,3.388
1/9/2019,760415,48989,0.81
1/10/2019,172918,48989,-1.524
1/11/2019,510712,48989,0.408
1/12/2019,731114,48989,2.873
1/13/2019,907162,48989.292,4.613
1/14/2019,829824,48996,1.895
1/15/2019,829469,48996.292,1.938
1/16/2019,728908,49003.292,2.457
1/17/2019,737765,49010.167,2.133
1/18/2019,238374,49014,-1.636
1/19/2019,135330,49014,-3.009
1/20/2019,59278,49014,-3.784
1/21/2019,133394,49014,-4.363
1/22/2019,297140,49014,-4.931
1/23/2019,161608,49014.167,-5.313
1/24/2019,48158,49018.292,-5.294
1/25/2019,199919,49025,-3.813
1/26/2019,507316,49025.25,1.201
1/27/2019,578109,49031,2.084
1/28/2019,495927,49031.167,0.539
1/29/2019,345600,49035.125,-1.155
1/30/2019,445385,49038.167,-1.635
1/31/2019,251022,49042.083,-2.179
2/1/2019,340526,49044.417,-0.479
2/2/2019,117691,49054.25,0.03
2/3/2019,292185,49060.292,-0.791
2/4/2019,493660,49067.25,-1.357
2/5/2019,351172,49073.25,-0.959
2/6/2019,362081,49079.167,-0.917
2/7/2019,617208,49083,0.66
2/8/2019,782350,49083,2.818
2/9/2019,927505,49083,4.296
2/10/2019,793495,49083,4.178
2/11/2019,790925,49083.125,2.198
2/12/2019,464461,49086,0.996
2/13/2019,458152,49086.125,2.206
2/14/2019,184359,49089,2.798
2/15/2019,216372,49089,3.462
2/16/2019,373375,49089,4.121
2/17/2019,218992,49089.167,4.704
2/18/2019,259182,49093.083,4.884
2/19/2019,578830,49095,4.484
2/20/2019,366915,49095,4.415
2/21/2019,412844,49095,5.786
2/22/2019,237050,49095.25,4.952
2/23/2019,211989,49101,0.99
2/24/2019,99880,49101,3.041
2/25/2019,117978,49101,5.401
2/26/2019,80395,49101.125,6.778
2/27/2019,201884,49104.167,7.261
2/28/2019,424526,49108,6.719
3/1/2019,209802,49108,5.467
3/2/2019,279257,49108,4.973
3/3/2019,845935,49108.25,7.757
3/4/2019,944428,49114.25,7.219
3/5/2019,734927,49120.25,4.619
3/6/2019,609521,49126,6.99
3/7/2019,865265,49126.208,8.039
3/8/2019,794143,49131,5.835
3/9/2019,925108,49131,6.948
3/10/2019,536965,49131.25,5.962
3/11/2019,637039,49137.125,2.549
3/12/2019,704672,49140.167,4.071
3/13/2019,954652,49144.458,4.839
3/14/2019,891204,49155.25,4.64
3/15/2019,917489,49161,6.964
3/16/2019,781855,49161,7.655
3/17/2019,775324,49161,6.46
3/18/2019,704190,49161,3.505
3/19/2019,197478,49161.208,3.372
3/20/2019,247775,49166,5.223
3/21/2019,217272,49166.25,7.567
3/22/2019,120366,49172,9.273
3/23/2019,189999,49172.25,8.179
3/24/2019,193375,49178.25,6.547
3/25/2019,583691,49184,4.068
3/26/2019,452286,49184.417,4.52
3/27/2019,244070,49194,5.811
3/28/2019,112574,49194.125,7.447
3/29/2019,144999,49197,8.964
3/30/2019,158476,49197.25,10.111
3/31/2019,268339,49203,8.118
4/1/2019,321033,49203,6.675
4/2/2019,440387,49203.167,9.174
4/3/2019,184057,49205,8.742
4/4/2019,159442,49205.5,6.624
4/5/2019,120302,49211,6.938
4/6/2019,195131,49211,10.18
4/7/2019,162788,49211.75,10.915
4/8/2019,224523,49220.333,10.449
4/9/2019,289901,49224,8.385
4/10/2019,306573,49224,6.028
4/11/2019,222908,49224,4.241
4/12/2019,198175,49224.5,2.907
4/13/2019,284338,49230,2.544
4/14/2019,321990,49230,3.896
4/15/2019,390903,49230.833,7.138
4/16/2019,427714,49240.583,8.847
4/17/2019,397092,49247.5,10.481
4/18/2019,473276,49253.5,11.957
4/19/2019,314901,49259,13.091
4/20/2019,173459,49259,12.928
4/21/2019,155975,49259,13.065
4/22/2019,530864,49259.25,13.024
4/23/2019,746865,49262,13.571
4/24/2019,507702,49262.5,15.285
4/25/2019,331059,49268,14.347
4/26/2019,271997,49268.5,11.023
4/27/2019,264574,49274,9.356
4/28/2019,111830,49274.333,7.772
4/29/2019,272055,49278.5,8.433
4/30/2019,171326,49284.5,10.288
5/1/2019,293091,49290.833,11.035
5/2/2019,461567,49300,10.416
5/3/2019,399749,49300,8.246
5/4/2019,315492,49300,4.853
5/5/2019,254683,49300,5.043
5/6/2019,334601,49300,6.072
5/7/2019,123719,49300.833,7.707
5/8/2019,357841,49310,9.41
5/9/2019,242036,49310.5,10.976
5/10/2019,210855,49316,10.592
5/11/2019,283707,49316.5,9.425
5/12/2019,392396,49322.833,8.226
5/13/2019,279418,49332.5,8.427
5/14/2019,247098,49338.25,8.101
5/15/2019,234941,49341.5,8.306
5/16/2019,280754,49347,8.764
5/17/2019,178238,49347,11.81
5/18/2019,148217,49347,14.411
5/19/2019,138904,49347.75,15.574
5/20/2019,205137,49356,14.689
5/21/2019,390410,49356,13.183
5/22/2019,388666,49356.333,12.329
5/23/2019,122623,49360.333,14.113
5/24/2019,208090,49364,15.654
5/25/2019,153902,49364,13.854
5/26/2019,405935,49364,15.169
5/27/2019,304433,49364,15.265
5/28/2019,149028,49364,12.219
5/29/2019,125506,49364,11.631
5/30/2019,388595,49364.25,14.507
5/31/2019,179213,49367.25,17.245
6/1/2019,136516,49370,19.338
6/2/2019,210616,49370,21.483
6/3/2019,197486,49370,20.7
6/4/2019,198393,49370,21.01
6/5/2019,247345,49370,22.459
6/6/2019,327275,49370.333,16.073
6/7/2019,289973,49374,17.085
6/8/2019,605201,49374,15.245
6/9/2019,188553,49374,16.826
6/10/2019,231303,49374,18.108
6/11/2019,143383,49374.333,18.027
6/12/2019,204670,49378.25,17.713
6/13/2019,258648,49381.5,17.458
6/14/2019,200298,49387,19.883
6/15/2019,335147,49387,19.694
6/16/2019,104870,49387,17.519
6/17/2019,92916,49387.583,19.713
6/18/2019,115712,49394.25,22.096
6/19/2019,151594,49397,22.754
6/20/2019,142811,49397,19.18
6/21/2019,96732,49397,17.857
6/22/2019,171441,49397,18.313
6/23/2019,267935,49397.583,20.632
6/24/2019,340003,49404.333,22.768
6/25/2019,190841,49408,25.59
6/26/2019,298542,49408.583,26.141
6/27/2019,330624,49415.25,20.672
6/28/2019,80230,49418,19.148
6/29/2019,79540,49418,22.549
6/30/2019,345206,49418,24.837
7/1/2019,396995,49418.583,21.581
7/2/2019,386518,49425,18.055
7/3/2019,282551,49425,16.955
7/4/2019,304510,49425.333,17.844
7/5/2019,278918,49429,19.863
7/6/2019,366462,49429,20.19
7/7/2019,378087,49429,16.274
7/8/2019,266305,49429,14.771
7/9/2019,238587,49429,14.692
7/10/2019,118626,49429.25,16.509
7/11/2019,53297,49432,16.816
7/12/2019,97028,49432,17.729
7/13/2019,201586,49432,17.075
7/14/2019,141909,49432.583,16.244
7/15/2019,210862,49439.917,16.48
7/16/2019,231153,49450.25,16.915
7/17/2019,35904,49453.583,18.255
7/18/2019,76878,49460.833,20.25
7/19/2019,82800,49470.583,20.345
7/20/2019,254011,49477,22.392
7/21/2019,262424,49477.417,20.74
7/22/2019,166669,49482.333,21.724
7/23/2019,72210,49486,24.762
7/24/2019,147222,49486,27.303
7/25/2019,168464,49487.167,28.241
7/26/2019,366560,49500.75,27.037
7/27/2019,419840,49509,22.509
7/28/2019,215974,49509.667,21.086
7/29/2019,96878,49519.25,21.186
7/30/2019,87212,49545,22.558
7/31/2019,147509,49557.333,19.695
8/1/2019,58950,49573.25,19.737
8/2/2019,63762,49588.25,19.766
8/3/2019,95067,49603.333,18.683
8/4/2019,54081,49619.25,20.356
8/5/2019,110075,49634.333,21.396
8/6/2019,151993,49649.667,20.93
8/7/2019,201030,49657,18.918
8/8/2019,319845,49658.25,19.526
8/9/2019,203195,49672,22.186
8/10/2019,588611,49672,20.93
8/11/2019,367728,49672.667,19.795
8/12/2019,257923,49681.25,17.559
8/13/2019,256403,49696.083,15.74
8/14/2019,175848,49708.5,16.262
8/15/2019,391677,49714.667,16.613
8/16/2019,211247,49722.5,17.623
8/17/2019,391408,49729.333,18.441
8/18/2019,271479,49744.583,19.977
8/19/2019,289031,49752.167,18.278
8/20/2019,145164,49765.583,16.531
8/21/2019,73960,49773.167,16.66
8/22/2019,147064,49787,18.593
8/23/2019,96738,49798.583,19.866
8/24/2019,169462,49805.583,21.565
8/25/2019,124353,49812,23.402
8/26/2019,75862,49812.583,24.187
8/27/2019,98092,49819,24.355
8/28/2019,93916,49820.833,24.179
8/29/2019,97589,49842.333,21.934
8/30/2019,60118,49857.667,21.619
8/31/2019,162761,49865,23.707
9/1/2019,248769,49866.25,19.117
9/2/2019,204608,49880.917,15.659
9/3/2019,323468,49891.25,16.544
9/4/2019,303173,49894.583,17.608
9/5/2019,460176,49902.167,14.733
9/6/2019,290419,49915.5,13.973
9/7/2019,95433,49921,13.52
9/8/2019,35051,49921.667,12.81
9/9/2019,122711,49929,12.635
9/10/2019,288610,49929.25,13.891
9/11/2019,373845,49932.5,14.841
9/12/2019,299170,49939.25,17.195
9/13/2019,327123,49953.75,16.957
9/14/2019,119296,49962.5,15.469
9/15/2019,419918,49968.917,16.96
9/16/2019,203371,49979.417,15.531
9/17/2019,591532,49984.25,13.001
9/18/2019,438488,49987.583,11.244
9/19/2019,179983,49994.333,10.482
9/20/2019,121905,49998,11.477
9/21/2019,177985,49998,13.972
9/22/2019,237797,49998.833,16.217
9/23/2019,167549,50008.917,14.678
9/24/2019,142932,50020.833,14.526
9/25/2019,161041,50041.917,14.106
9/26/2019,281382,50052.583,14.84
9/27/2019,389037,50059,15.08
9/28/2019,669426,50059,14.116
9/29/2019,685120,50059.333,14.909
9/30/2019,750950,50063.583,13.711
10/1/2019,411750,50070.333,14.013
10/2/2019,451203,50074,10.278
10/3/2019,228382,50074,9.074
10/4/2019,301057,50074,8.898
10/5/2019,301039,50074,8.932
10/6/2019,344586,50074,7.365
10/7/2019,189204,50074.75,8.049
10/8/2019,550507,50083.417,11.108
10/9/2019,556608,50088,10.881
10/10/2019,672124,50088.583,10.276
10/11/2019,835982,50095,11.911
10/12/2019,552394,50095,14.135
10/13/2019,466535,50095,16.66
10/14/2019,314110,50095.25,15.93
10/15/2019,214059,50098.333,14.616
10/16/2019,428627,50102,11.755
10/17/2019,306168,50102.25,13.08
10/18/2019,539807,50105.333,12.447
10/19/2019,451872,50109,11.568
10/20/2019,140265,50109.167,12.726
10/21/2019,179300,50111,12.852
10/22/2019,164171,50112.5,11.194
10/23/2019,172337,50129.583,11.706
10/24/2019,287411,50136.583,12.76
10/25/2019,537400,50143,12.301
10/26/2019,717073,50143,12.951
10/27/2019,581302,50143,10.268
10/28/2019,273721,50143.167,6.775
10/29/2019,134576,50147.208,5.367
10/30/2019,124034,50152.292,3.53
10/31/2019,190337,50159.125,2.253
11/1/2019,427675,50162.417,4.757
11/2/2019,598636,50172,11.187
11/3/2019,291656,50172.25,10.047
11/4/2019,262847,50178,9.116
11/5/2019,212176,50178.292,7.385
11/6/2019,106742,50185,6.238
11/7/2019,293410,50185.333,5.919
11/8/2019,142574,50193,4.796
11/9/2019,164428,50193,3.731
11/10/2019,134132,50193,2.201
11/11/2019,428728,50193.083,1.829
11/12/2019,520910,50195,3.301
11/13/2019,350141,50195.458,2.78
11/14/2019,350944,50206.292,2.714
11/15/2019,473098,50213,3.2
11/16/2019,328590,50213.25,3.025
11/17/2019,301943,50219.458,2.791
11/18/2019,409401,50230.167,3.455
11/19/2019,382056,50234.25,3.282
11/20/2019,36772,50240.292,1.855
11/21/2019,134954,50247,2.905
11/22/2019,282624,50247,3.57
11/23/2019,623391,50247.292,5.225
11/24/2019,291224,50254,4.978
11/25/2019,62548,50254.125,4.535
11/26/2019,235350,50257.083,5.81
11/27/2019,545480,50259.542,6.902
11/28/2019,857710,50272.292,7.922
11/29/2019,618895,50279.25,3.91
11/30/2019,195076,50285,1.152
12/1/2019,134296,50285.25,0.198
12/2/2019,344119,50291.417,0.874
12/3/2019,275830,50301.083,2.077
12/4/2019,278977,50303.167,0.673
12/5/2019,436209,50307.208,-0.832
12/6/2019,860237,50312.167,1.387
12/7/2019,841616,50316,5.431
12/8/2019,918908,50316.125,6.319
12/9/2019,749939,50319,5.104
12/10/2019,550224,50319.125,1.433
12/11/2019,436289,50322.292,0.996
12/12/2019,403284,50329.25,1.36
12/13/2019,555000,50335,0.856
12/14/2019,843230,50335,3.361
12/15/2019,853649,50335,5.46
12/16/2019,441369,50335.417,5.238
12/17/2019,546881,50345.667,7.553
12/18/2019,407039,50361.375,6.188
12/19/2019,558192,50371.208,5.734
12/20/2019,653405,50399.167,6.222
12/21/2019,429207,50403.25,4.585
12/22/2019,419774,50409.625,4.509
12/23/2019,612081,50424,5.284
12/24/2019,455192,50424,5.067
12/25/2019,293649,50424,4.728
12/26/2019,132739,50424.125,2.79
12/27/2019,146590,50427,1.327
12/28/2019,159126,50427.292,-1.441
12/29/2019,349839,50434.75,-1.314
12/30/2019,639343,50452,0.542
